{
  "source": "generate_pairs_cli",
  "model": "meta-llama/Llama-3.2-1B-Instruct",
  "requested": 100,
  "kept_after_dedupe": 81,
  "diversity": {
    "unique_unigrams": 0.2535564853556485,
    "unique_bigrams": 0.5709156193895871,
    "avg_jaccard": 0.13311076007518063
  }
}