{
  "source": "generate_pairs_cli",
  "model": "meta-llama/Llama-3.2-1B-Instruct",
  "requested": 100,
  "kept_after_dedupe": 82,
  "diversity": {
    "unique_unigrams": 0.24250214224507283,
    "unique_bigrams": 0.5400921658986175,
    "avg_jaccard": 0.1413580348288464
  }
}