{
  "source": "generate_pairs_cli",
  "model": "meta-llama/Llama-3.2-1B-Instruct",
  "requested": 100,
  "kept_after_dedupe": 84,
  "diversity": {
    "unique_unigrams": 0.2149425287356322,
    "unique_bigrams": 0.5042270531400966,
    "avg_jaccard": 0.14831437655207702
  }
}