{
  "source": "generate_pairs_cli",
  "model": "meta-llama/Llama-3.2-1B-Instruct",
  "requested": 100,
  "kept_after_dedupe": 78,
  "diversity": {
    "unique_unigrams": 0.2497704315886134,
    "unique_bigrams": 0.5370919881305638,
    "avg_jaccard": 0.1573068371155081
  }
}