{
  "source": "generate_pairs_cli",
  "model": "meta-llama/Llama-3.2-1B-Instruct",
  "requested": 100,
  "kept_after_dedupe": 86,
  "diversity": {
    "unique_unigrams": 0.23684210526315788,
    "unique_bigrams": 0.5348484848484848,
    "avg_jaccard": 0.15638657001680023
  }
}