{
  "source": "generate_pairs_cli",
  "model": "meta-llama/Llama-3.2-1B-Instruct",
  "requested": 100,
  "kept_after_dedupe": 88,
  "diversity": {
    "unique_unigrams": 0.2092739475289811,
    "unique_bigrams": 0.4803352675693101,
    "avg_jaccard": 0.15440959949872465
  }
}