{
  "source": "generate_pairs_cli",
  "model": "meta-llama/Llama-3.2-1B-Instruct",
  "requested": 100,
  "kept_after_dedupe": 86,
  "diversity": {
    "unique_unigrams": 0.21523668639053253,
    "unique_bigrams": 0.4873617693522907,
    "avg_jaccard": 0.18958853650859828
  }
}