{
  "source": "generate_pairs_cli",
  "model": "meta-llama/Llama-3.2-1B-Instruct",
  "requested": 100,
  "kept_after_dedupe": 86,
  "diversity": {
    "unique_unigrams": 0.2259294566253575,
    "unique_bigrams": 0.5119418483904465,
    "avg_jaccard": 0.1439052356005958
  }
}