{
  "source": "generate_pairs_cli",
  "model": "meta-llama/Llama-3.2-1B-Instruct",
  "requested": 100,
  "kept_after_dedupe": 90,
  "diversity": {
    "unique_unigrams": 0.22550675675675674,
    "unique_bigrams": 0.5319926873857403,
    "avg_jaccard": 0.12822718542756892
  }
}