{
  "task_name": "truthfulqa_mc1",
  "model_name": "meta-llama/Llama-3.1-8B-Instruct",
  "limit": 25,
  "timestamp": "2025-06-30 10:31:55",
  "analysis": {
    "total_runs": 1,
    "successful_runs": 1,
    "best_accuracy": 0.3333333333333333,
    "mean_accuracy": 0.3333333333333333,
    "std_accuracy": 0.0,
    "method_performance": {
      "HPR": {
        "count": 1,
        "best_accuracy": 0.3333333333333333,
        "mean_accuracy": 0.3333333333333333,
        "std_accuracy": 0.0
      }
    },
    "best_layer": 6
  },
  "results": [
    {
      "config": {
        "layer": 6,
        "method": "HPR",
        "strength": 3.0,
        "hpr_beta": 0.5,
        "split_ratio": 0.9,
        "seed": 42
      },
      "accuracy": 0.3333333333333333,
      "likelihood_change": 0.002421140670776367,
      "runtime_seconds": 54.345728635787964
    }
  ]
}