{
  "source": "generate_pairs_cli",
  "model": "meta-llama/Llama-3.2-1B-Instruct",
  "requested": 100,
  "kept_after_dedupe": 91,
  "diversity": {
    "unique_unigrams": 0.2363268062120189,
    "unique_bigrams": 0.5424460431654676,
    "avg_jaccard": 0.12635065463994843
  }
}