{
  "source": "generate_pairs_cli",
  "model": "meta-llama/Llama-3.2-1B-Instruct",
  "requested": 100,
  "kept_after_dedupe": 89,
  "diversity": {
    "unique_unigrams": 0.23916184971098267,
    "unique_bigrams": 0.5266409266409267,
    "avg_jaccard": 0.19001971446592464
  }
}