{
  "source": "generate_pairs_cli",
  "model": "meta-llama/Llama-3.2-1B-Instruct",
  "requested": 100,
  "kept_after_dedupe": 81,
  "diversity": {
    "unique_unigrams": 0.23154362416107382,
    "unique_bigrams": 0.5202520252025202,
    "avg_jaccard": 0.17110960610174344
  }
}