{
  "source": "generate_pairs_cli",
  "model": "meta-llama/Llama-3.2-1B-Instruct",
  "requested": 100,
  "kept_after_dedupe": 83,
  "diversity": {
    "unique_unigrams": 0.23254029163468917,
    "unique_bigrams": 0.5204918032786885,
    "avg_jaccard": 0.1757126609015805
  }
}