{
  "source": "generate_pairs_cli",
  "model": "meta-llama/Llama-3.2-1B-Instruct",
  "requested": 100,
  "kept_after_dedupe": 79,
  "diversity": {
    "unique_unigrams": 0.2547892720306513,
    "unique_bigrams": 0.5616580310880829,
    "avg_jaccard": 0.15609190811272797
  }
}