{
  "source": "generate_pairs_cli",
  "model": "meta-llama/Llama-3.2-1B-Instruct",
  "requested": 100,
  "kept_after_dedupe": 80,
  "diversity": {
    "unique_unigrams": 0.22012578616352202,
    "unique_bigrams": 0.4966442953020134,
    "avg_jaccard": 0.13168765815902672
  }
}