{
  "source": "generate_pairs_cli",
  "model": "meta-llama/Llama-3.2-1B-Instruct",
  "requested": 100,
  "kept_after_dedupe": 88,
  "diversity": {
    "unique_unigrams": 0.23175319789315274,
    "unique_bigrams": 0.5221595487510072,
    "avg_jaccard": 0.17777788951907278
  }
}